{
  "train_losses": [
    1.2228264842910328,
    0.7476594088406399,
    0.48577849121614436,
    0.36430664977122995,
    0.28221540581220866,
    0.2292622583864749,
    0.1895127268401028,
    0.15988390819951034,
    0.14555144376367674,
    0.10316458310203991,
    0.08518366006085243,
    0.08793544082035279,
    0.0754201927853898,
    0.07362546116627496,
    0.05918004505614611,
    0.050117819891150654,
    0.03872338700611359,
    0.04688756844970858,
    0.038171255749639595,
    0.04697728157043457,
    0.040209502559797515,
    0.026836106802561675,
    0.03048105125486765,
    0.02975630191229712,
    0.030130842962869626,
    0.027369434080868102,
    0.024207244731550073
  ],
  "val_losses": [
    0.7865816417493319,
    0.48292870427432816,
    0.3797855087016758,
    0.39659426086827326,
    0.3512596527212544,
    0.3588997164839192,
    0.3683989412690464,
    0.38822545464101593,
    0.35803504072521863,
    0.35674009393704564,
    0.3873551276169325,
    0.3627985508034104,
    0.32684148475527763,
    0.3259751904559763,
    0.3069304390565345,
    0.32721144509942907,
    0.3631441291225584,
    0.33972985071963385,
    0.3354926168134338,
    0.40284548895923716,
    0.3548351432147779,
    0.33747032176899283,
    0.3485127001216537,
    0.37564422229402944,
    0.3646181741435277,
    0.3574075714537972,
    0.34735958082111257
  ],
  "train_accuracies": [
    44.86350574712644,
    70.47413793103448,
    81.7169540229885,
    86.74568965517241,
    90.05028735632185,
    92.09770114942529,
    93.85775862068965,
    94.2169540229885,
    95.04310344827586,
    96.83908045977012,
    97.27011494252874,
    97.19827586206897,
    97.95258620689656,
    97.55747126436782,
    98.63505747126437,
    98.63505747126437,
    98.74281609195403,
    98.59913793103448,
    98.95833333333333,
    98.70689655172414,
    98.70689655172414,
    99.46120689655173,
    99.10201149425288,
    98.95833333333333,
    99.066091954023,
    99.49712643678161,
    99.31752873563218
  ],
  "val_accuracies": [
    71.33333333333333,
    81.16666666666667,
    85.83333333333333,
    85.5,
    88.0,
    88.0,
    87.16666666666667,
    87.0,
    88.16666666666667,
    88.33333333333333,
    87.0,
    90.0,
    89.83333333333333,
    89.66666666666667,
    89.83333333333333,
    89.83333333333333,
    88.66666666666667,
    89.16666666666667,
    90.5,
    88.66666666666667,
    90.33333333333333,
    90.16666666666667,
    89.5,
    88.33333333333333,
    89.66666666666667,
    89.66666666666667,
    89.5
  ],
  "best_val_acc": 90.5,
  "config": {
    "num_classes": 4,
    "pretrained": true,
    "dropout_rate": 0.3,
    "freeze_backbone": false,
    "num_epochs": 30,
    "batch_size": 32,
    "learning_rate": 0.0001,
    "weight_decay": 0.0001,
    "optimizer": "adam",
    "scheduler_type": "reduce_on_plateau",
    "step_size": 10,
    "gamma": 0.1,
    "scheduler_patience": 3,
    "image_size": 224,
    "num_workers": 2,
    "train_ratio": 0.7,
    "val_ratio": 0.15,
    "test_ratio": 0.15,
    "early_stopping_patience": 8,
    "save_frequency": 3,
    "save_dir": "emotion/checkpoints_finetune",
    "use_class_weights": false
  }
}