{
  "type": "zscore",
  "mean": [
    35.567752838134766,
    124.85952758789062,
    1505.8206787109375,
    62.8748664855957,
    3.9567606449127197,
    22.81844139099121,
    80.62793731689453
  ],
  "std": [
    41.119606018066406,
    31.410202026367188,
    531.5662231445312,
    45.772438049316406,
    11.902653694152832,
    16.327255249023438,
    11.03411865234375
  ]
}