{
  "train_losses": [
    1.2282303462083313,
    1.0141462635719913,
    0.9527902226338442,
    0.9252943595250448,
    0.8717752009972759,
    0.8702209310970087,
    0.8213175935991879,
    0.8648421014177388,
    0.8254902383376812,
    0.7993501781047075,
    0.8080431442151125,
    0.7822378243523083,
    0.8003616380965572,
    0.762041242300779,
    0.7860054236718979,
    0.7539888555291056,
    0.7702242348385954,
    0.7512196542202741,
    0.7286239790505377,
    0.7491022105189575
  ],
  "val_losses": [
    0.8935000174923947,
    0.8109560953943353,
    0.7944598888096056,
    0.7740495455892462,
    0.7723890323387949,
    0.7465823826036955,
    0.7172792522530806,
    0.7129011138489372,
    0.7073634690360019,
    0.6994685624775133,
    0.7297525829390475,
    0.715292679636102,
    0.684929221868515,
    0.6879356158407111,
    0.7056603227791033,
    0.7170935273170471,
    0.6835237176794755,
    0.6969832103503378,
    0.6987040576181913,
    0.6981907863365976
  ],
  "train_accuracies": [
    47.5933908045977,
    57.39942528735632,
    58.764367816091955,
    60.73994252873563,
    63.685344827586206,
    64.00862068965517,
    65.66091954022988,
    63.97270114942529,
    66.16379310344827,
    67.45689655172414,
    66.84626436781609,
    68.24712643678161,
    67.70833333333333,
    67.63649425287356,
    67.67241379310344,
    70.11494252873563,
    68.71408045977012,
    69.14511494252874,
    70.15086206896552,
    69.28879310344827
  ],
  "val_accuracies": [
    61.666666666666664,
    68.16666666666667,
    66.5,
    68.33333333333333,
    68.33333333333333,
    69.83333333333333,
    71.16666666666667,
    69.5,
    71.83333333333333,
    73.33333333333333,
    69.33333333333333,
    71.66666666666667,
    73.0,
    73.0,
    71.16666666666667,
    69.83333333333333,
    71.83333333333333,
    69.5,
    70.5,
    71.0
  ],
  "best_val_acc": 73.33333333333333,
  "config": {
    "num_classes": 4,
    "pretrained": true,
    "dropout_rate": 0.5,
    "freeze_backbone": true,
    "num_epochs": 50,
    "batch_size": 32,
    "learning_rate": 0.001,
    "weight_decay": 0.0001,
    "optimizer": "adam",
    "scheduler_type": "reduce_on_plateau",
    "step_size": 10,
    "gamma": 0.1,
    "scheduler_patience": 5,
    "image_size": 224,
    "num_workers": 4,
    "train_ratio": 0.7,
    "val_ratio": 0.15,
    "test_ratio": 0.15,
    "early_stopping_patience": 10,
    "save_frequency": 5,
    "save_dir": "emotion/checkpoints",
    "use_class_weights": false
  }
}